{
  "0": [
    0.0052305153528849286,
    0.0052305153528849286,
    0.0052305153528849286,
    0.0052838879585266115,
    0.010567775917053223,
    0.010487717008590698,
    0.00525720165570577,
    0.010541089614232382,
    0.0052305153528849286
  ],
  "1": [
    0.015851663875579833,
    0.010567775917053223,
    0.04224441736539205,
    0.015824977572758993,
    0.0052838879585266115,
    0.05806939493815104,
    0.00525720165570577,
    0.0052838879585266115,
    0.17839793435732523
  ]
}
